<?xml version="1.0" encoding="utf-8" standalone="yes"?>
<?xml-stylesheet type="text/xsl" href="../../modx.prosilver.en.xsl"?>
<!--For security purposes, please check: http://www.phpbb.com/mods/ for the latest version of this MOD. Although MODs are checked before being allowed in the MODs Database there is no guarantee that there are no security problems within the MOD. No support will be given for MODs not found within the MODs Database which can be found at http://www.phpbb.com/mods/-->
<mod xmlns:xsi="http://www.w3.org/2001/XMLSchema-instance" xmlns="http://www.phpbb.com/mods/xml/modx-1.0.xsd">
	<header>
		<license>http://opensource.org/licenses/gpl-license.php GNU General Public License v2</license>
		<title lang="en-gb">Genders upgrade from phpBB version 2.0.x to 3.0.x</title>
		<description lang="en-gb"><![CDATA[Modifications to the phpBB 2.0.x to 3.0.x upgrade script]]></description>
		<author-notes lang="en-gb"><![CDATA[This script has not been tested yet. Do not use it in a live enviroment.]]></author-notes>
		<author-group>
			<author>
				<realname>Igor Wiedler</realname>
				<email>evil@phpbbmodders.net</email>
				<username>eviL&lt;3</username>
				<homepage>http://phpbbmodders.net</homepage>
				<contributions />
			</author>
		</author-group>
		<mod-version>
			<major>1</major>
			<minor>0</minor>
			<revision>0</revision>
		</mod-version>
		<installation>
			<level>easy</level>
			<time>600</time>
			<target-version>
				<target-primary>3.0.RC1</target-primary>
				<target-major allow="exact">3</target-major>
				<target-minor allow="exact">0</target-minor>
			</target-version>
		</installation>
		<history>
			<entry>
				<date>2007-05-03</date>
				<rev-version>
					<major>1</major>
					<minor>0</minor>
					<revision>0</revision>
				</rev-version>
				<changelog lang="en-gb">
					<change>Initial release</change>
				</changelog>
			</entry>
		</history>
	</header>
	<action-group>
		<open src="install/convertors/convert_phpbb20.php">
			<edit>
				<find><![CDATA[	/**
	* Tests for further MODs can be included here.
	* Please use constants for this, prefixing them with MOD_
	*/]]></find>
				<action type="after-add"><![CDATA[//-- mod : Genders ------------------------------------------------------------
//-- add
	if (get_config_value('gender_display') !== false)
	{
		define('MOD_GENDERS', true);
	}
	else
	{
		$sql = "SELECT user_gender
			FROM {$convert->src_table_prefix}users
			WHERE user_id = " . ANONYMOUS;
		$result = $src_db->sql_query($sql);
		
		if ($result !== false)
		{
			define('MOD_GENDERS', true);
		}
		
		$src_db->sql_freeresult($result);
	}
//-- fin mod : Genders --------------------------------------------------------]]></action>
			</edit>
			<edit>
				<find><![CDATA[				array('user_birthday',			((defined('MOD_BIRTHDAY')) ? 'users.user_birthday' : ''),	'phpbb_get_birthday'),]]></find>
				<action type="after-add"><![CDATA[//-- mod : Genders ------------------------------------------------------------
//-- add
				array('user_gender',			((defined('MOD_GENDERS')) ? 'users.user_gender' : ''),	''),
//-- fin mod : Genders --------------------------------------------------------]]></action>
			</edit>
		</open>
	</action-group>
</mod>